Date,BTC,GSPC
1/1/2020,7200.174316,
1/2/2020,6985.470215,3257.850098
1/3/2020,7344.884277,3234.850098
1/4/2020,7410.656738,
1/5/2020,7411.317383,
1/6/2020,7769.219238,3246.280029
1/7/2020,8163.692383,3237.179932
1/8/2020,8079.862793,3253.050049
1/9/2020,7879.071289,3274.699951
1/10/2020,8166.554199,3265.350098
1/11/2020,8037.537598,
1/12/2020,8192.494141,
1/13/2020,8144.194336,3288.129883
1/14/2020,8827.764648,3283.149902
1/15/2020,8807.010742,3289.290039
1/16/2020,8723.786133,3316.810059
1/17/2020,8929.038086,3329.620117
1/18/2020,8942.808594,
1/19/2020,8706.245117,
1/20/2020,8657.642578,
1/21/2020,8745.894531,3320.790039
1/22/2020,8680.875977,3321.75
1/23/2020,8406.515625,3325.540039
1/24/2020,8445.43457,3295.469971
1/25/2020,8367.847656,
1/26/2020,8596.830078,
1/27/2020,8909.819336,3243.629883
1/28/2020,9358.589844,3276.23999
1/29/2020,9316.629883,3273.399902
1/30/2020,9508.993164,3283.659912
1/31/2020,9350.529297,3225.52002
2/1/2020,9392.875,
2/2/2020,9344.365234,
2/3/2020,9293.521484,3248.919922
2/4/2020,9180.962891,3297.590088
2/5/2020,9613.423828,3334.689941
2/6/2020,9729.801758,3345.780029
2/7/2020,9795.943359,3327.709961
2/8/2020,9865.119141,
2/9/2020,10116.67383,
2/10/2020,9856.611328,3352.090088
2/11/2020,10208.23633,3357.75
2/12/2020,10326.05469,3379.449951
2/13/2020,10214.37988,3373.939941
2/14/2020,10312.11621,3380.159912
2/15/2020,9889.424805,
2/16/2020,9934.433594,
2/17/2020,9690.142578,
2/18/2020,10141.99609,3370.290039
2/19/2020,9633.386719,3386.149902
2/20/2020,9608.475586,3373.22998
2/21/2020,9686.441406,3337.75
2/22/2020,9663.181641,
2/23/2020,9924.515625,
2/24/2020,9650.174805,3225.889893
2/25/2020,9341.705078,3128.209961
2/26/2020,8820.522461,3116.389893
2/27/2020,8784.494141,2978.76001
2/28/2020,8672.455078,2954.219971
2/29/2020,8599.508789,
3/1/2020,8562.454102,
3/2/2020,8869.669922,3090.22998
3/3/2020,8787.786133,3003.370117
3/4/2020,8755.246094,3130.120117
3/5/2020,9078.762695,3023.939941
3/6/2020,9122.545898,2972.370117
3/7/2020,8909.954102,
3/8/2020,8108.116211,
3/9/2020,7923.644531,2746.560059
3/10/2020,7909.729492,2882.22998
3/11/2020,7911.430176,2741.379883
3/12/2020,4970.788086,2480.639893
3/13/2020,5563.707031,2711.02002
3/14/2020,5200.366211,
3/15/2020,5392.314941,
3/16/2020,5014.47998,2386.129883
3/17/2020,5225.629395,2529.189941
3/18/2020,5238.438477,2398.100098
3/19/2020,6191.192871,2409.389893
3/20/2020,6198.77832,2304.919922
3/21/2020,6185.066406,
3/22/2020,5830.254883,
3/23/2020,6416.314941,2237.399902
3/24/2020,6734.803711,2447.330078
3/25/2020,6681.062988,2475.560059
3/26/2020,6716.44043,2630.070068
3/27/2020,6469.79834,2541.469971
3/28/2020,6242.193848,
3/29/2020,5922.042969,
3/30/2020,6429.841797,2626.649902
3/31/2020,6438.644531,2584.590088
4/1/2020,6606.776367,2470.5
4/2/2020,6793.624512,2526.899902
4/3/2020,6733.387207,2488.649902
4/4/2020,6867.527344,
4/5/2020,6791.129395,
4/6/2020,7271.78125,2663.679932
4/7/2020,7176.414551,2659.409912
4/8/2020,7334.098633,2749.97998
4/9/2020,7302.089355,2789.820068
4/10/2020,6865.493164,
4/11/2020,6859.083008,
4/12/2020,6971.091797,
4/13/2020,6845.037598,2761.629883
4/14/2020,6842.427734,2846.060059
4/15/2020,6642.109863,2783.360107
4/16/2020,7116.804199,2799.550049
4/17/2020,7096.18457,2874.560059
4/18/2020,7257.665039,
4/19/2020,7189.424805,
4/20/2020,6881.958496,2823.159912
4/21/2020,6880.323242,2736.560059
4/22/2020,7117.20752,2799.310059
4/23/2020,7429.724609,2797.800049
4/24/2020,7550.900879,2836.73999
4/25/2020,7569.936035,
4/26/2020,7679.867188,
4/27/2020,7795.601074,2878.47998
4/28/2020,7807.058594,2863.389893
4/29/2020,8801.038086,2939.51001
4/30/2020,8658.553711,2912.429932
5/1/2020,8864.766602,2830.709961
5/2/2020,8988.59668,
5/3/2020,8897.46875,
5/4/2020,8912.654297,2842.73999
5/5/2020,9003.070313,2868.439941
5/6/2020,9268.761719,2848.419922
5/7/2020,9951.518555,2881.189941
5/8/2020,9842.666016,2929.800049
5/9/2020,9593.896484,
5/10/2020,8756.430664,
5/11/2020,8601.795898,2930.189941
5/12/2020,8804.477539,2870.120117
5/13/2020,9269.987305,2820
5/14/2020,9733.72168,2852.5
5/15/2020,9328.197266,2863.699951
5/16/2020,9377.013672,
5/17/2020,9670.739258,
5/18/2020,9726.575195,2953.909912
5/19/2020,9729.038086,2922.939941
5/20/2020,9522.981445,2971.610107
5/21/2020,9081.761719,2948.51001
5/22/2020,9182.577148,2955.449951
5/23/2020,9209.287109,
5/24/2020,8790.368164,
5/25/2020,8906.93457,
5/26/2020,8835.052734,2991.77002
5/27/2020,9181.017578,3036.129883
5/28/2020,9525.750977,3029.72998
5/29/2020,9439.124023,3044.310059
5/30/2020,9700.414063,
5/31/2020,9461.058594,
6/1/2020,10167.26855,3055.72998
6/2/2020,9529.803711,3080.820068
6/3/2020,9656.717773,3122.870117
6/4/2020,9800.636719,3112.350098
6/5/2020,9665.533203,3193.929932
6/6/2020,9653.679688,
6/7/2020,9758.852539,
6/8/2020,9771.489258,3232.389893
6/9/2020,9795.700195,3207.179932
6/10/2020,9870.094727,3190.139893
6/11/2020,9321.78125,3002.100098
6/12/2020,9480.84375,3041.310059
6/13/2020,9475.277344,
6/14/2020,9386.788086,
6/15/2020,9450.702148,3066.590088
6/16/2020,9538.024414,3124.73999
6/17/2020,9480.254883,3113.48999
6/18/2020,9411.84082,3115.340088
6/19/2020,9288.018555,3097.73999
6/20/2020,9332.34082,
6/21/2020,9303.629883,
6/22/2020,9648.717773,3117.860107
6/23/2020,9629.658203,3131.290039
6/24/2020,9313.610352,3050.330078
6/25/2020,9264.813477,3083.76001
6/26/2020,9162.917969,3009.050049
6/27/2020,9045.390625,
6/28/2020,9143.582031,
6/29/2020,9190.854492,3053.23999
6/30/2020,9137.993164,3100.290039
7/1/2020,9228.325195,3115.860107
7/2/2020,9123.410156,3130.01001
7/3/2020,9087.303711,
7/4/2020,9132.488281,
7/5/2020,9073.942383,
7/6/2020,9375.474609,3179.719971
7/7/2020,9252.277344,3145.320068
7/8/2020,9428.333008,3169.939941
7/9/2020,9277.967773,3152.050049
7/10/2020,9278.807617,3185.040039
7/11/2020,9240.34668,
7/12/2020,9276.5,
7/13/2020,9243.614258,3155.219971
7/14/2020,9243.213867,3197.52002
7/15/2020,9192.836914,3226.560059
7/16/2020,9132.227539,3215.570068
7/17/2020,9151.392578,3224.72998
7/18/2020,9159.040039,
7/19/2020,9185.817383,
7/20/2020,9164.231445,3251.840088
7/21/2020,9374.887695,3257.300049
7/22/2020,9525.363281,3276.02002
7/23/2020,9581.072266,3235.659912
7/24/2020,9536.892578,3215.629883
7/25/2020,9677.113281,
7/26/2020,9905.166992,
7/27/2020,10990.87305,3239.409912
7/28/2020,10912.82324,3218.439941
7/29/2020,11100.46777,3258.439941
7/30/2020,11111.21387,3246.219971
7/31/2020,11323.4668,3271.120117
8/1/2020,11759.59277,
8/2/2020,11053.61426,
8/3/2020,11246.34863,3294.610107
8/4/2020,11205.89258,3306.51001
8/5/2020,11747.02246,3327.77002
8/6/2020,11779.77344,3349.159912
8/7/2020,11601.47266,3351.280029
8/8/2020,11754.0459,
8/9/2020,11675.73926,
8/10/2020,11878.11133,3360.469971
8/11/2020,11410.52539,3333.689941
8/12/2020,11584.93457,3380.350098
8/13/2020,11784.1377,3373.429932
8/14/2020,11768.87109,3372.850098
8/15/2020,11865.69824,
8/16/2020,11892.80371,
8/17/2020,12254.40234,3381.98999
8/18/2020,11991.2334,3389.780029
8/19/2020,11758.2832,3374.850098
8/20/2020,11878.37207,3385.51001
8/21/2020,11592.48926,3397.159912
8/22/2020,11681.8252,
8/23/2020,11664.84766,
8/24/2020,11774.5957,3431.280029
8/25/2020,11366.13477,3443.620117
8/26/2020,11488.36328,3478.72998
8/27/2020,11323.39746,3484.550049
8/28/2020,11542.5,3508.01001
8/29/2020,11506.86523,
8/30/2020,11711.50586,
8/31/2020,11680.82031,3500.310059
9/1/2020,11970.47852,3526.649902
9/2/2020,11414.03418,3580.840088
9/3/2020,10245.29688,3455.060059
9/4/2020,10511.81348,3426.959961
9/5/2020,10169.56738,
9/6/2020,10280.35156,
9/7/2020,10369.56348,
9/8/2020,10131.5166,3331.840088
9/9/2020,10242.34766,3398.959961
9/10/2020,10363.13867,3339.189941
9/11/2020,10400.91504,3340.969971
9/12/2020,10442.1709,
9/13/2020,10323.75586,
9/14/2020,10680.83789,3383.540039
9/15/2020,10796.95117,3401.199951
9/16/2020,10974.90527,3385.48999
9/17/2020,10948.99023,3357.01001
9/18/2020,10944.58594,3319.469971
9/19/2020,11094.34668,
9/20/2020,10938.27148,
9/21/2020,10462.25977,3281.060059
9/22/2020,10538.45996,3315.570068
9/23/2020,10246.18652,3236.919922
9/24/2020,10760.06641,3246.590088
9/25/2020,10692.7168,3298.459961
9/26/2020,10750.72363,
9/27/2020,10775.26953,
9/28/2020,10709.65234,3351.600098
9/29/2020,10844.64063,3335.469971
9/30/2020,10784.49121,3363
10/1/2020,10619.45215,3380.800049
10/2/2020,10575.97461,3348.419922
10/3/2020,10549.3291,
10/4/2020,10669.58301,
10/5/2020,10793.33984,3408.600098
10/6/2020,10604.40625,3360.969971
10/7/2020,10668.96875,3419.439941
10/8/2020,10915.68555,3446.830078
10/9/2020,11064.45801,3477.139893
10/10/2020,11296.36133,
10/11/2020,11384.18164,
10/12/2020,11555.36328,3534.219971
10/13/2020,11425.89941,3511.929932
10/14/2020,11429.50684,3488.669922
10/15/2020,11495.34961,3483.340088
10/16/2020,11322.12305,3483.810059
10/17/2020,11358.10156,
10/18/2020,11483.35938,
10/19/2020,11742.03711,3426.919922
10/20/2020,11916.33496,3443.120117
10/21/2020,12823.68945,3435.560059
10/22/2020,12965.8916,3453.48999
10/23/2020,12931.53906,3465.389893
10/24/2020,13108.0625,
10/25/2020,13031.17383,
10/26/2020,13075.24805,3400.969971
10/27/2020,13654.21875,3390.679932
10/28/2020,13271.28516,3271.030029
10/29/2020,13437.88281,3310.110107
10/30/2020,13546.52246,3269.959961
10/31/2020,13780.99512,
11/1/2020,13737.10938,
11/2/2020,13550.48926,3310.23999
11/3/2020,13950.30078,3369.159912
11/4/2020,14133.70703,3443.439941
11/5/2020,15579.84863,3510.449951
11/6/2020,15565.88086,3509.439941
11/7/2020,14833.75391,
11/8/2020,15479.56738,
11/9/2020,15332.31543,3550.5
11/10/2020,15290.90234,3545.530029
11/11/2020,15701.33984,3572.659912
11/12/2020,16276.34375,3537.01001
11/13/2020,16317.80859,3585.149902
11/14/2020,16068.13867,
11/15/2020,15955.58789,
11/16/2020,16716.11133,3626.909912
11/17/2020,17645.40625,3609.530029
11/18/2020,17804.00586,3567.790039
11/19/2020,17817.08984,3581.870117
11/20/2020,18621.31445,3557.540039
11/21/2020,18642.23242,
11/22/2020,18370.00195,
11/23/2020,18364.12109,3577.590088
11/24/2020,19107.46484,3635.409912
11/25/2020,18732.12109,3629.649902
11/26/2020,17150.62305,
11/27/2020,17108.40234,3638.350098
11/28/2020,17717.41406,
11/29/2020,18177.48438,
11/30/2020,19625.83594,3621.629883
12/1/2020,18802.99805,3662.449951
12/2/2020,19201.0918,3669.01001
12/3/2020,19445.39844,3666.719971
12/4/2020,18699.76563,3699.120117
12/5/2020,19154.23047,
12/6/2020,19345.12109,
12/7/2020,19191.63086,3691.959961
12/8/2020,18321.14453,3702.25
12/9/2020,18553.91602,3672.820068
12/10/2020,18264.99219,3668.100098
12/11/2020,18058.9043,3663.459961
12/12/2020,18803.65625,
12/13/2020,19142.38281,
12/14/2020,19246.64453,3647.48999
12/15/2020,19417.07617,3694.620117
12/16/2020,21310.59766,3701.169922
12/17/2020,22805.16211,3722.47998
12/18/2020,23137.96094,3709.409912
12/19/2020,23869.83203,
12/20/2020,23477.29492,
12/21/2020,22803.08203,3694.919922
12/22/2020,23783.0293,3687.26001
12/23/2020,23241.3457,3690.01001
12/24/2020,23735.94922,3703.060059
12/25/2020,24664.79102,
12/26/2020,26437.03711,
12/27/2020,26272.29492,
12/28/2020,27084.80859,3735.360107
12/29/2020,27362.4375,3727.040039
12/30/2020,28840.95313,3732.040039
12/31/2020,29001.7207,3756.070068
1/1/2021,29374.15234,
1/2/2021,32127.26758,
1/3/2021,32782.02344,
1/4/2021,31971.91406,3700.649902
1/5/2021,33992.42969,3726.860107
1/6/2021,36824.36328,3748.139893
1/7/2021,39371.04297,3803.790039
1/8/2021,40797.60938,3824.679932
1/9/2021,40254.54688,
1/10/2021,38356.44141,
1/11/2021,35566.65625,3799.610107
1/12/2021,33922.96094,3801.189941
1/13/2021,37316.35938,3809.840088
1/14/2021,39187.32813,3795.540039
1/15/2021,36825.36719,3768.25
1/16/2021,36178.14063,
1/17/2021,35791.27734,
1/18/2021,36630.07422,
1/19/2021,36069.80469,3798.909912
1/20/2021,35547.75,3851.850098
1/21/2021,30825.69922,3853.070068
1/22/2021,33005.76172,3841.469971
1/23/2021,32067.64258,
1/24/2021,32289.37891,
1/25/2021,32366.39258,3855.360107
1/26/2021,32569.84961,3849.620117
1/27/2021,30432.54688,3750.77002
1/28/2021,33466.09766,3787.379883
1/29/2021,34316.38672,3714.23999
1/30/2021,34269.52344,
1/31/2021,33114.35938,
2/1/2021,33537.17578,3773.860107
2/2/2021,35510.28906,3826.310059
2/3/2021,37472.08984,3830.169922
2/4/2021,36926.06641,3871.73999
2/5/2021,38144.30859,3886.830078
2/6/2021,39266.01172,
2/7/2021,38903.44141,
2/8/2021,46196.46484,3915.590088
2/9/2021,46481.10547,3911.22998
2/10/2021,44918.18359,3909.879883
2/11/2021,47909.33203,3916.379883
2/12/2021,47504.85156,3934.830078
2/13/2021,47105.51563,
2/14/2021,48717.28906,
2/15/2021,47945.05859,
2/16/2021,49199.87109,3932.590088
2/17/2021,52149.00781,3931.330078
2/18/2021,51679.79688,3913.969971
2/19/2021,55888.13281,3906.709961
2/20/2021,56099.51953,
2/21/2021,57539.94531,
2/22/2021,54207.32031,3876.5
2/23/2021,48824.42578,3881.370117
2/24/2021,49705.33203,3925.429932
2/25/2021,47093.85156,3829.340088
2/26/2021,46339.76172,3811.149902
2/27/2021,46188.45313,
2/28/2021,45137.76953,
3/1/2021,49631.24219,3901.820068
3/2/2021,48378.98828,3870.290039
3/3/2021,50538.24219,3819.719971
3/4/2021,48561.16797,3768.469971
3/5/2021,48927.30469,3841.939941
3/6/2021,48912.38281,
3/7/2021,51206.69141,
3/8/2021,52246.52344,3821.350098
3/9/2021,54824.11719,3875.439941
3/10/2021,56008.55078,3898.810059
3/11/2021,57805.12109,3939.340088
3/12/2021,57332.08984,3943.340088
3/13/2021,61243.08594,
3/14/2021,59302.31641,
3/15/2021,55907.19922,3968.939941
3/16/2021,56804.90234,3962.709961
3/17/2021,58870.89453,3974.120117
3/18/2021,57858.92188,3915.459961
3/19/2021,58346.65234,3913.100098
3/20/2021,58313.64453,
3/21/2021,57523.42188,
3/22/2021,54529.14453,3940.590088
3/23/2021,54738.94531,3910.52002
3/24/2021,52774.26563,3889.139893
3/25/2021,51704.16016,3909.52002
3/26/2021,55137.3125,3974.540039
3/27/2021,55973.51172,
3/28/2021,55950.74609,
3/29/2021,57750.19922,3971.090088
3/30/2021,58917.69141,3958.550049
3/31/2021,58918.83203,3972.889893
4/1/2021,59095.80859,4019.870117
4/2/2021,59384.3125,
4/3/2021,57603.89063,
4/4/2021,58758.55469,
4/5/2021,59057.87891,4077.909912
4/6/2021,58192.35938,4073.939941
4/7/2021,56048.9375,4079.949951
4/8/2021,58323.95313,4097.169922
4/9/2021,58245.00391,4128.799805
4/10/2021,59793.23438,
4/11/2021,60204.96484,
4/12/2021,59893.45313,4127.990234
4/13/2021,63503.45703,4141.589844
4/14/2021,63109.69531,4124.660156
4/15/2021,63314.01172,4170.419922
4/16/2021,61572.78906,4185.470215
4/17/2021,60683.82031,
4/18/2021,56216.18359,
4/19/2021,55724.26563,4163.259766
4/20/2021,56473.03125,4134.939941
4/21/2021,53906.08984,4173.419922
4/22/2021,51762.27344,4134.97998
4/23/2021,51093.65234,4180.169922
4/24/2021,50050.86719,
4/25/2021,49004.25391,
4/26/2021,54021.75391,4187.620117
4/27/2021,55033.11719,4186.720215
4/28/2021,54824.70313,4183.180176
4/29/2021,53555.10938,4211.470215
4/30/2021,57750.17578,4181.169922
5/1/2021,57828.05078,
5/2/2021,56631.07813,
5/3/2021,57200.29297,4192.660156
5/4/2021,53333.53906,4164.660156
5/5/2021,57424.00781,4167.589844
5/6/2021,56396.51563,4201.620117
5/7/2021,57356.40234,4232.600098
5/8/2021,58803.77734,
5/9/2021,58232.31641,
5/10/2021,55859.79688,4188.430176
5/11/2021,56704.57422,4152.100098
5/12/2021,49150.53516,4063.040039
5/13/2021,49716.19141,4112.5
5/14/2021,49880.53516,4173.850098
5/15/2021,46760.1875,
5/16/2021,46456.05859,
5/17/2021,43537.51172,4163.290039
5/18/2021,42909.40234,4127.830078
5/19/2021,37002.44141,4115.680176
5/20/2021,40782.73828,4159.120117
5/21/2021,37304.69141,4155.859863
5/22/2021,37536.63281,
5/23/2021,34770.58203,
5/24/2021,38705.98047,4197.049805
5/25/2021,38402.22266,4188.129883
5/26/2021,39294.19922,4195.990234
5/27/2021,38436.96875,4200.879883
5/28/2021,35697.60547,4204.109863
5/29/2021,34616.06641,
5/30/2021,35678.12891,
5/31/2021,37332.85547,
6/1/2021,36684.92578,4202.040039
6/2/2021,37575.17969,4208.120117
6/3/2021,39208.76563,4192.850098
6/4/2021,36894.40625,4229.890137
6/5/2021,35551.95703,
6/6/2021,35862.37891,
6/7/2021,33560.70703,4226.52002
6/8/2021,33472.63281,4227.259766
6/9/2021,37345.12109,4219.549805
6/10/2021,36702.59766,4239.180176
6/11/2021,37334.39844,4247.439941
6/12/2021,35552.51563,
6/13/2021,39097.85938,
6/14/2021,40218.47656,4255.149902
6/15/2021,40406.26953,4246.589844
6/16/2021,38347.0625,4223.700195
6/17/2021,38053.50391,4221.859863
6/18/2021,35787.24609,4166.450195
6/19/2021,35615.87109,
6/20/2021,35698.29688,
6/21/2021,31676.69336,4224.790039
6/22/2021,32505.66016,4246.439941
6/23/2021,33723.02734,4241.839844
6/24/2021,34662.4375,4266.490234
6/25/2021,31637.7793,4280.700195
6/26/2021,32186.27734,
6/27/2021,34649.64453,
6/28/2021,34434.33594,4290.609863
6/29/2021,35867.77734,4291.799805
6/30/2021,35040.83594,4297.5
7/1/2021,33572.11719,4319.939941
7/2/2021,33897.04688,4352.339844
7/3/2021,34668.54688,
7/4/2021,35287.78125,
7/5/2021,33746.00391,
7/6/2021,34235.19531,4343.540039
7/7/2021,33855.32813,4358.129883
7/8/2021,32877.37109,4320.819824
7/9/2021,33798.01172,4369.549805
7/10/2021,33520.51953,
7/11/2021,34240.1875,
7/12/2021,33155.84766,4384.629883
7/13/2021,32702.02539,4369.209961
7/14/2021,32822.34766,4374.299805
7/15/2021,31780.73047,4360.029785
7/16/2021,31421.53906,4327.160156
7/17/2021,31533.06836,
7/18/2021,31796.81055,
7/19/2021,30817.83203,4258.490234
7/20/2021,29807.34766,4323.060059
7/21/2021,32110.69336,4358.689941
7/22/2021,32313.10547,4367.47998
7/23/2021,33581.55078,4411.790039
7/24/2021,34292.44531,
7/25/2021,35350.1875,
7/26/2021,37337.53516,4422.299805
7/27/2021,39406.94141,4401.459961
7/28/2021,39995.90625,4400.640137
7/29/2021,40008.42188,4419.149902
7/30/2021,42235.54688,4395.259766
7/31/2021,41626.19531,
8/1/2021,39974.89453,
8/2/2021,39201.94531,4387.160156
8/3/2021,38152.98047,4423.149902
8/4/2021,39747.50391,4402.660156
8/5/2021,40869.55469,4429.100098
8/6/2021,42816.5,4436.52002
8/7/2021,44555.80078,
8/8/2021,43798.11719,
8/9/2021,46365.40234,4432.350098
8/10/2021,45585.03125,4436.75
8/11/2021,45593.63672,4442.410156
8/12/2021,44428.28906,4460.830078
8/13/2021,47793.32031,4468
8/14/2021,47096.94531,
8/15/2021,47047.00391,
8/16/2021,46004.48438,4479.709961
8/17/2021,44695.35938,4448.080078
8/18/2021,44801.1875,4400.27002
8/19/2021,46717.57813,4405.799805
8/20/2021,49339.17578,4441.669922
8/21/2021,48905.49219,
8/22/2021,49321.65234,
8/23/2021,49546.14844,4479.529785
8/24/2021,47706.11719,4486.22998
8/25/2021,48960.78906,4496.189941
8/26/2021,46942.21875,4470
8/27/2021,49058.66797,4509.370117
8/28/2021,48902.40234,
8/29/2021,48829.83203,
8/30/2021,47054.98438,4528.790039
8/31/2021,47166.6875,4522.680176
9/1/2021,48847.02734,4524.089844
9/2/2021,49327.72266,4536.950195
9/3/2021,50025.375,4535.430176
9/4/2021,49944.625,
9/5/2021,51753.41016,
9/6/2021,52633.53516,
9/7/2021,46811.12891,4520.029785
9/8/2021,46091.39063,4514.069824
9/9/2021,46391.42188,4493.279785
9/10/2021,44883.91016,4458.580078
9/11/2021,45201.45703,
9/12/2021,46063.26953,
9/13/2021,44963.07422,4468.72998
9/14/2021,47092.49219,4443.049805
9/15/2021,48176.34766,4480.700195
9/16/2021,47783.35938,4473.75
9/17/2021,47267.51953,4432.990234
9/18/2021,48278.36328,
9/19/2021,47260.21875,
9/20/2021,42843.80078,4357.72998
9/21/2021,40693.67578,4354.189941
9/22/2021,43574.50781,4395.640137
9/23/2021,44895.09766,4448.97998
9/24/2021,42839.75,4455.47998
9/25/2021,42716.59375,
9/26/2021,43208.53906,
9/27/2021,42235.73047,4443.109863
9/28/2021,41034.54297,4352.629883
9/29/2021,41564.36328,4359.459961
9/30/2021,43790.89453,4307.540039
10/1/2021,48116.94141,4357.040039
10/2/2021,47711.48828,
10/3/2021,48199.95313,
10/4/2021,49112.90234,4300.459961
10/5/2021,51514.8125,4345.720215
10/6/2021,55361.44922,4363.549805
10/7/2021,53805.98438,4399.759766
10/8/2021,53967.84766,4391.339844
10/9/2021,54968.22266,
10/10/2021,54771.57813,
10/11/2021,57484.78906,4361.189941
10/12/2021,56041.05859,4350.649902
10/13/2021,57401.09766,4363.799805
10/14/2021,57321.52344,4438.259766
10/15/2021,61593.94922,4471.370117
10/16/2021,60892.17969,
10/17/2021,61553.61719,
10/18/2021,62026.07813,4486.459961
10/19/2021,64261.99219,4519.629883
10/20/2021,65992.83594,4536.189941
10/21/2021,62210.17188,4549.779785
10/22/2021,60692.26563,4544.899902
10/23/2021,61393.61719,
10/24/2021,60930.83594,
10/25/2021,63039.82422,4566.47998
10/26/2021,60363.79297,4574.790039
10/27/2021,58482.38672,4551.680176
10/28/2021,60622.13672,4596.419922
10/29/2021,62227.96484,4605.379883
10/30/2021,61888.83203,
10/31/2021,61318.95703,
11/1/2021,61004.40625,4613.669922
11/2/2021,63226.40234,4630.649902
11/3/2021,62970.04688,4660.569824
11/4/2021,61452.23047,4680.060059
11/5/2021,61125.67578,4697.529785
11/6/2021,61527.48047,
11/7/2021,63326.98828,
11/8/2021,67566.82813,4701.700195
11/9/2021,66971.82813,4685.25
11/10/2021,64995.23047,4646.709961
11/11/2021,64949.96094,4649.27002
11/12/2021,64155.94141,4682.850098
11/13/2021,64469.52734,
11/14/2021,65466.83984,
11/15/2021,63557.87109,4682.799805
11/16/2021,60161.24609,4700.899902
11/17/2021,60368.01172,4688.669922
11/18/2021,56942.13672,4704.540039
11/19/2021,58119.57813,4697.959961
11/20/2021,59697.19531,
11/21/2021,58730.47656,
11/22/2021,56289.28906,4682.939941
11/23/2021,57569.07422,4690.700195
11/24/2021,56280.42578,4701.459961
11/25/2021,57274.67969,
11/26/2021,53569.76563,4594.620117
11/27/2021,54815.07813,
11/28/2021,57248.45703,
11/29/2021,57806.56641,4655.27002
11/30/2021,57005.42578,4567
12/1/2021,57229.82813,4513.040039
12/2/2021,56477.81641,4577.100098
12/3/2021,53598.24609,4538.430176
12/4/2021,49200.70313,
12/5/2021,49368.84766,
12/6/2021,50582.625,4591.669922
12/7/2021,50700.08594,4686.75
12/8/2021,50504.79688,4701.209961
12/9/2021,47672.12109,4667.450195
12/10/2021,47243.30469,4712.02002
12/11/2021,49362.50781,
12/12/2021,50098.33594,
12/13/2021,46737.48047,4668.970215
12/14/2021,46612.63281,4634.089844
12/15/2021,48896.72266,4709.850098
12/16/2021,47665.42578,4668.669922
12/17/2021,46202.14453,4620.640137
12/18/2021,46848.77734,
12/19/2021,46707.01563,
12/20/2021,46880.27734,4568.02002
12/21/2021,48936.61328,4649.22998
12/22/2021,48628.51172,4696.560059
12/23/2021,50784.53906,4725.790039
12/24/2021,50822.19531,
12/25/2021,50429.85938,
12/26/2021,50809.51563,
12/27/2021,50640.41797,4791.189941
12/28/2021,47588.85547,4786.350098
12/29/2021,46444.71094,4793.060059
12/30/2021,47178.125,4778.72998
12/31/2021,46306.44531,4766.180176
1/1/2022,47686.8125,
1/2/2022,47345.21875,
1/3/2022,46458.11719,4796.560059
1/4/2022,45897.57422,4793.540039
1/5/2022,43569.00391,4700.580078
1/6/2022,43160.92969,4696.049805
1/7/2022,41557.90234,4677.029785
1/8/2022,41733.94141,
1/9/2022,41911.60156,
1/10/2022,41821.26172,4670.290039
1/11/2022,42735.85547,4713.069824
1/12/2022,43949.10156,4726.350098
1/13/2022,42591.57031,4659.029785
1/14/2022,43099.69922,4662.850098
1/15/2022,43177.39844,
1/16/2022,43113.87891,
1/17/2022,42250.55078,
1/18/2022,42375.63281,4577.109863
1/19/2022,41744.32813,4532.759766
1/20/2022,40680.41797,4482.72998
1/21/2022,36457.31641,4397.939941
1/22/2022,35030.25,
1/23/2022,36276.80469,
1/24/2022,36654.32813,4410.129883
1/25/2022,36954.00391,4356.450195
1/26/2022,36852.12109,4349.930176
1/27/2022,37138.23438,4326.509766
1/28/2022,37784.33203,4431.850098
1/29/2022,38138.17969,
1/30/2022,37917.60156,
1/31/2022,38483.125,4515.549805
2/1/2022,38743.27344,4546.540039
2/2/2022,36952.98438,4589.379883
2/3/2022,37154.60156,4477.439941
2/4/2022,41500.875,4500.529785
2/5/2022,41441.16406,
2/6/2022,42412.43359,
2/7/2022,43840.28516,4483.870117
2/8/2022,44118.44531,4521.540039
2/9/2022,44338.79688,4587.180176
2/10/2022,43565.11328,4504.080078
2/11/2022,42407.9375,4418.640137
2/12/2022,42244.46875,
2/13/2022,42197.51563,
2/14/2022,42586.91797,4401.669922
2/15/2022,44575.20313,4471.069824
2/16/2022,43961.85938,4475.009766
2/17/2022,40538.01172,4380.259766
2/18/2022,40030.97656,4348.870117
2/19/2022,40122.15625,
2/20/2022,38431.37891,
2/21/2022,37075.28125,
2/22/2022,38286.02734,4304.759766
2/23/2022,37296.57031,4225.5
2/24/2022,38332.60938,4288.700195
2/25/2022,39214.21875,4384.649902
2/26/2022,39105.14844,
2/27/2022,37709.78516,
2/28/2022,43193.23438,4373.939941
3/1/2022,44354.63672,4306.259766
3/2/2022,43924.11719,4386.540039
3/3/2022,42451.78906,4363.490234
3/4/2022,39137.60547,4328.870117
3/5/2022,39400.58594,
3/6/2022,38419.98438,
3/7/2022,38062.03906,4201.089844
3/8/2022,38737.26953,4170.700195
3/9/2022,41982.92578,4277.879883
3/10/2022,39437.46094,4259.52002
3/11/2022,38794.97266,4204.310059
3/12/2022,38904.01172,
3/13/2022,37849.66406,
3/14/2022,39666.75391,4173.109863
3/15/2022,39338.78516,4262.450195
3/16/2022,41143.92969,4357.859863
3/17/2022,40951.37891,4411.669922
3/18/2022,41801.15625,4463.120117
3/19/2022,42190.65234,
3/20/2022,41247.82422,
3/21/2022,41077.99609,4461.180176
3/22/2022,42358.80859,4511.609863
3/23/2022,42892.95703,4456.240234
3/24/2022,43960.93359,4520.160156
3/25/2022,44348.73047,4543.060059
3/26/2022,44500.82813,
3/27/2022,46820.49219,
3/28/2022,47128.00391,4575.52002
3/29/2022,47465.73047,4631.600098
3/30/2022,47062.66406,4602.450195
3/31/2022,45538.67578,4530.410156
4/1/2022,46281.64453,4545.859863
4/2/2022,45868.94922,
4/3/2022,46453.56641,
4/4/2022,46622.67578,4582.640137
4/5/2022,45555.99219,4525.120117
4/6/2022,43206.73828,4481.149902
4/7/2022,43503.84766,4500.209961
4/8/2022,42287.66406,4488.279785
4/9/2022,42782.13672,
4/10/2022,42207.67188,
4/11/2022,39521.90234,4412.529785
4/12/2022,40127.18359,4397.450195
4/13/2022,41166.73047,4446.589844
4/14/2022,39935.51563,4392.589844
4/15/2022,40553.46484,
4/16/2022,40424.48438,
4/17/2022,39716.95313,
4/18/2022,40826.21484,4391.689941
4/19/2022,41502.75,4462.209961
4/20/2022,41374.37891,4459.450195
4/21/2022,40527.36328,4393.660156
4/22/2022,39740.32031,4271.779785
4/23/2022,39486.73047,
4/24/2022,39469.29297,
4/25/2022,40458.30859,4296.120117
4/26/2022,38117.46094,4175.200195
4/27/2022,39241.12109,4183.959961
4/28/2022,39773.82813,4287.5
4/29/2022,38609.82422,4131.930176
4/30/2022,37714.875,
5/1/2022,38469.09375,
5/2/2022,38529.32813,4155.379883
5/3/2022,37750.45313,4175.47998
5/4/2022,39698.37109,4300.169922
5/5/2022,36575.14063,4146.870117
5/6/2022,36040.92188,4123.339844
5/7/2022,35501.95313,
5/8/2022,34059.26563,
5/9/2022,30296.95313,3991.23999
5/10/2022,31022.90625,4001.050049
5/11/2022,28936.35547,3935.179932
5/12/2022,29047.75195,3930.080078
5/13/2022,29283.10352,4023.889893
5/14/2022,30101.26563,
5/15/2022,31305.11328,
5/16/2022,29862.91797,4008.01001
5/17/2022,30425.85742,4088.850098
5/18/2022,28720.27148,3923.679932
5/19/2022,30314.33398,3900.790039
5/20/2022,29200.74023,3901.360107
5/21/2022,29432.22656,
5/22/2022,30323.72266,
5/23/2022,29098.91016,3973.75
5/24/2022,29655.58594,3941.47998
5/25/2022,29562.36133,3978.72998
5/26/2022,29267.22461,4057.840088
5/27/2022,28627.57422,4158.240234
5/28/2022,28814.90039,
5/29/2022,29445.95703,
5/30/2022,31726.39063,
5/31/2022,31792.31055,4132.149902
6/1/2022,29799.08008,4101.22998
6/2/2022,30467.48828,4176.819824
6/3/2022,29704.39063,4108.540039
6/4/2022,29832.91406,
6/5/2022,29906.66211,
6/6/2022,31370.67188,4121.430176
6/7/2022,31155.47852,4160.680176
6/8/2022,30214.35547,4115.77002
6/9/2022,30111.99805,4017.820068
6/10/2022,29083.80469,3900.860107
6/11/2022,28360.81055,
6/12/2022,26762.64844,
6/13/2022,22487.38867,3749.629883
6/14/2022,22206.79297,3735.47998
6/15/2022,22572.83984,3789.98999
6/16/2022,20381.65039,3666.77002
6/17/2022,20471.48242,3674.840088
6/18/2022,19017.64258,
6/19/2022,20553.27148,
6/20/2022,20599.53711,
6/21/2022,20710.59766,3764.790039
6/22/2022,19987.0293,3759.889893
6/23/2022,21085.87695,3795.72998
6/24/2022,21231.65625,3911.73999
6/25/2022,21502.33789,
6/26/2022,21027.29492,
6/27/2022,20735.47852,3900.110107
6/28/2022,20280.63477,3821.550049
6/29/2022,20104.02344,3818.830078
6/30/2022,19784.72656,3785.379883
7/1/2022,19269.36719,3825.330078
7/2/2022,19242.25586,
7/3/2022,19297.07617,
7/4/2022,20231.26172,
7/5/2022,20190.11523,3831.389893
7/6/2022,20548.24609,3845.080078
7/7/2022,21637.58789,3902.620117
7/8/2022,21731.11719,3899.379883
7/9/2022,21592.20703,
7/10/2022,20860.44922,
7/11/2022,19970.55664,3854.429932
7/12/2022,19323.91406,3818.800049
7/13/2022,20212.07422,3801.780029
7/14/2022,20569.91992,3790.379883
7/15/2022,20836.32813,3863.159912
7/16/2022,21190.31641,
7/17/2022,20779.34375,
7/18/2022,22485.68945,3830.850098
7/19/2022,23389.43359,3936.689941
7/20/2022,23231.73242,3959.899902
7/21/2022,23164.62891,3998.949951
7/22/2022,22714.97852,3961.629883
7/23/2022,22465.47852,
7/24/2022,22609.16406,
7/25/2022,21361.70117,3966.840088
7/26/2022,21239.75391,3921.050049
7/27/2022,22930.54883,4023.610107
7/28/2022,23843.88672,4072.429932
7/29/2022,23804.63281,4130.290039
7/30/2022,23656.20703,
7/31/2022,23336.89648,
8/1/2022,23314.19922,4118.629883
8/2/2022,22978.11719,4091.189941
8/3/2022,22846.50781,4155.169922
8/4/2022,22630.95703,4151.939941
8/5/2022,23289.31445,4145.189941
8/6/2022,22961.2793,
8/7/2022,23175.89063,
8/8/2022,23809.48633,4140.060059
8/9/2022,23164.31836,4122.470215
8/10/2022,23947.64258,4210.240234
8/11/2022,23957.5293,4207.27002
8/12/2022,24402.81836,4280.149902
8/13/2022,24424.06836,
8/14/2022,24319.33398,
8/15/2022,24136.97266,4297.140137
8/16/2022,23883.29102,4305.200195
8/17/2022,23335.99805,4274.040039
8/18/2022,23212.73828,4283.740234
8/19/2022,20877.55273,4228.47998
8/20/2022,21166.06055,
8/21/2022,21534.12109,
8/22/2022,21398.9082,4137.990234
8/23/2022,21528.08789,4128.72998
8/24/2022,21395.01953,4140.77002
8/25/2022,21600.9043,4199.120117
8/26/2022,20260.01953,4057.659912
8/27/2022,20041.73828,
8/28/2022,19616.81445,
8/29/2022,20297.99414,4030.610107
8/30/2022,19796.80859,3986.159912
8/31/2022,20049.76367,3955
9/1/2022,20127.14063,3966.850098
9/2/2022,19969.77148,3924.26001
9/3/2022,19832.08789,
9/4/2022,19986.71289,
9/5/2022,19812.37109,
9/6/2022,18837.66797,3908.189941
9/7/2022,19290.32422,3979.870117
9/8/2022,19329.83398,4006.179932
9/9/2022,21381.15234,4067.360107
9/10/2022,21680.53906,
9/11/2022,21769.25586,
9/12/2022,22370.44922,4110.410156
9/13/2022,20296.70703,3932.689941
9/14/2022,20241.08984,3946.01001
9/15/2022,19701.21094,3901.350098
9/16/2022,19772.58398,3873.330078
9/17/2022,20127.57617,
9/18/2022,19419.50586,
9/19/2022,19544.12891,3899.889893
9/20/2022,18890.78906,3855.929932
9/21/2022,18547.40039,3789.929932
9/22/2022,19413.55078,3757.98999
9/23/2022,19297.63867,3693.22998
9/24/2022,18937.01172,
9/25/2022,18802.09766,
9/26/2022,19222.67188,3655.040039
9/27/2022,19110.54688,3647.290039
9/28/2022,19426.7207,3719.040039
9/29/2022,19573.05078,3640.469971
9/30/2022,19431.78906,3585.620117
10/1/2022,19312.0957,
10/2/2022,19044.10742,
10/3/2022,19623.58008,3678.429932
10/4/2022,20336.84375,3790.929932
10/5/2022,20160.7168,3783.280029
10/6/2022,19955.44336,3744.52002
10/7/2022,19546.84961,3639.659912
10/8/2022,19416.56836,
10/9/2022,19446.42578,
10/10/2022,19141.48438,3612.389893
10/11/2022,19051.41797,3588.840088
10/12/2022,19157.44531,3577.030029
10/13/2022,19382.9043,3669.909912
10/14/2022,19185.65625,3583.070068
10/15/2022,19067.63477,
10/16/2022,19268.09375,
10/17/2022,19550.75781,3677.949951
10/18/2022,19334.41602,3719.97998
10/19/2022,19139.53516,3695.159912
10/20/2022,19053.74023,3665.780029
10/21/2022,19172.46875,3752.75
10/22/2022,19208.18945,
10/23/2022,19567.00781,
10/24/2022,19345.57227,3797.340088
10/25/2022,20095.85742,3859.110107
10/26/2022,20770.44141,3830.600098
10/27/2022,20285.83594,3807.300049
10/28/2022,20595.35156,3901.060059
10/29/2022,20818.47656,
10/30/2022,20635.60352,
10/31/2022,20495.77344,3871.97998
11/1/2022,20485.27344,3856.100098
11/2/2022,20159.50391,3759.689941
11/3/2022,20209.98828,3719.889893
11/4/2022,21147.23047,3770.550049
11/5/2022,21282.69141,
11/6/2022,20926.48633,
11/7/2022,20602.81641,3806.800049
11/8/2022,18541.27148,3828.110107
11/9/2022,15880.78027,3748.570068
11/10/2022,17586.77148,3956.370117
11/11/2022,17034.29297,3992.929932
11/12/2022,16799.18555,
11/13/2022,16353.36523,
11/14/2022,16618.19922,3957.25
11/15/2022,16884.61328,3991.72998
11/16/2022,16669.43945,3958.790039
11/17/2022,16687.51758,3946.560059
11/18/2022,16697.77734,3965.340088
11/19/2022,16711.54688,
11/20/2022,16291.83203,
11/21/2022,15787.28418,3949.939941
11/22/2022,16189.76953,4003.580078
11/23/2022,16610.70703,4027.26001
11/24/2022,16604.46484,
11/25/2022,16521.8418,4026.120117
11/26/2022,16464.28125,
11/27/2022,16444.62695,
11/28/2022,16217.32227,3963.939941
11/29/2022,16444.98242,3957.629883
11/30/2022,17168.56641,4080.110107
12/1/2022,16967.13281,4076.570068
12/2/2022,17088.66016,4071.699951
12/3/2022,16908.23633,
12/4/2022,17130.48633,
12/5/2022,16974.82617,3998.840088
12/6/2022,17089.50391,3941.26001
12/7/2022,16848.12695,3933.919922
12/8/2022,17233.47461,3963.51001
12/9/2022,17133.15234,3934.379883
12/10/2022,17128.72461,
12/11/2022,17104.19336,
12/12/2022,17206.4375,3990.560059
12/13/2022,17781.31836,4019.649902
12/14/2022,17815.65039,3995.320068
12/15/2022,17364.86523,3895.75
12/16/2022,16647.48438,3852.360107
12/17/2022,16795.0918,
12/18/2022,16757.97656,
12/19/2022,16439.67969,3817.659912
12/20/2022,16906.30469,3821.620117
12/21/2022,16817.53516,3878.439941
12/22/2022,16830.3418,3822.389893
12/23/2022,16796.95313,3844.820068
12/24/2022,16847.75586,
12/25/2022,16841.98633,
12/26/2022,16919.80469,
12/27/2022,16717.17383,3829.25
12/28/2022,16552.57227,3783.219971
12/29/2022,16642.3418,3849.280029
12/30/2022,16602.58594,3839.5
12/31/2022,16547.49609,
1/1/2023,16625.08008,
1/2/2023,16688.4707,
1/3/2023,16679.85742,3824.139893
1/4/2023,16863.23828,3852.969971
1/5/2023,16836.73633,3808.100098
1/6/2023,16951.96875,3895.080078
1/7/2023,16955.07813,
1/8/2023,17091.14453,
1/9/2023,17196.55469,3892.090088
1/10/2023,17446.29297,3919.25
1/11/2023,17934.89648,3969.610107
1/12/2023,18869.58789,3983.169922
1/13/2023,19909.57422,3999.090088
1/14/2023,20976.29883,
1/15/2023,20880.79883,
1/16/2023,21169.63281,
1/17/2023,21161.51953,3990.969971
1/18/2023,20688.78125,3928.860107
1/19/2023,21086.79297,3898.850098
1/20/2023,22676.55273,3972.610107
1/21/2023,22777.625,
1/22/2023,22720.41602,
1/23/2023,22934.43164,4019.810059
1/24/2023,22636.46875,4016.949951
1/25/2023,23117.85938,4016.219971
1/26/2023,23032.77734,4060.429932
1/27/2023,23078.72852,4070.560059
1/28/2023,23031.08984,
1/29/2023,23774.56641,
1/30/2023,22840.13867,4017.77002
1/31/2023,23139.2832,4076.600098
2/1/2023,23723.76953,4119.209961
2/2/2023,23471.87109,4179.759766
2/3/2023,23449.32227,4136.47998
2/4/2023,23331.84766,
2/5/2023,22955.66602,
2/6/2023,22760.10938,4111.080078
2/7/2023,23264.29102,4164
2/8/2023,22939.39844,4117.859863
2/9/2023,21819.03906,4081.5
2/10/2023,21651.18359,4090.459961
2/11/2023,21870.875,
2/12/2023,21788.20313,
2/13/2023,21808.10156,4137.290039
2/14/2023,22220.80469,4136.129883
2/15/2023,24307.8418,4147.600098
2/16/2023,23623.47461,4090.409912
2/17/2023,24565.60156,4079.090088
2/18/2023,24641.27734,
2/19/2023,24327.64258,
2/20/2023,24829.14844,
2/21/2023,24436.35352,3997.340088
2/22/2023,24188.84375,3991.050049
2/23/2023,23947.49219,4012.320068
2/24/2023,23198.12695,3970.040039
2/25/2023,23175.375,
2/26/2023,23561.21289,
2/27/2023,23522.87109,3982.23999
2/28/2023,23147.35352,3970.149902
3/1/2023,23646.55078,3951.389893
3/2/2023,23475.4668,3981.350098
3/3/2023,22362.67969,4045.639893
3/4/2023,22353.34961,
3/5/2023,22435.51367,
3/6/2023,22429.75781,4048.419922
3/7/2023,22219.76953,3986.370117
3/8/2023,21718.08008,3992.01001
3/9/2023,20363.02148,3918.320068
3/10/2023,20187.24414,3861.590088
3/11/2023,20632.41016,
3/12/2023,22163.94922,
3/13/2023,24197.5332,3855.76001
3/14/2023,24746.07422,3919.290039
3/15/2023,24375.96094,3891.929932
3/16/2023,25052.78906,3960.280029
3/17/2023,27423.92969,3916.639893
3/18/2023,26965.87891,
3/19/2023,28038.67578,
3/20/2023,27767.23633,3951.570068
3/21/2023,28175.81641,4002.870117
3/22/2023,27307.4375,3936.969971
3/23/2023,28333.97266,3948.719971
3/24/2023,27493.28516,3970.98999
3/25/2023,27494.70703,
3/26/2023,27994.33008,
3/27/2023,27139.88867,3977.530029
3/28/2023,27268.13086,3971.27002
3/29/2023,28348.44141,4027.810059
3/30/2023,28033.5625,4050.830078
3/31/2023,28478.48438,4109.310059
4/1/2023,28411.03516,
4/2/2023,28199.30859,
4/3/2023,27790.2207,4124.509766
4/4/2023,28168.08984,4100.600098
4/5/2023,28177.98438,4090.379883
4/6/2023,28044.14063,4105.02002
4/7/2023,27925.85938,
4/8/2023,27947.79492,
4/9/2023,28333.05078,
4/10/2023,29652.98047,4109.109863
4/11/2023,30235.05859,4108.939941
4/12/2023,30139.05273,4091.949951
4/13/2023,30399.06641,4146.220215
4/14/2023,30485.69922,4137.640137
4/15/2023,30318.49609,
4/16/2023,30315.35547,
4/17/2023,29445.04492,4151.319824
4/18/2023,30397.55273,4154.870117
4/19/2023,28822.67969,4154.52002
4/20/2023,28245.98828,4129.790039
4/21/2023,27276.91016,4133.52002
4/22/2023,27817.5,
4/23/2023,27591.38477,
4/24/2023,27525.33984,4137.040039
4/25/2023,28307.59766,4071.629883
4/26/2023,28422.70117,4055.98999
4/27/2023,29473.78711,4135.350098
4/28/2023,29340.26172,4169.47998
4/29/2023,29248.48828,
4/30/2023,29268.80664,
5/1/2023,28091.56836,4167.870117
5/2/2023,28680.53711,4119.580078
5/3/2023,29006.30859,4090.75
5/4/2023,28847.71094,4061.219971
5/5/2023,29534.38477,4136.25
5/6/2023,28904.62305,
5/7/2023,28454.97852,
5/8/2023,27694.27344,4138.120117
5/9/2023,27658.77539,4119.169922
5/10/2023,27621.75586,4137.640137
5/11/2023,27000.78906,4130.620117
5/12/2023,26804.99023,4124.080078
5/13/2023,26784.07813,
5/14/2023,26930.63867,
5/15/2023,27192.69336,4136.279785
5/16/2023,27036.65039,4109.899902
5/17/2023,27398.80273,4158.77002
5/18/2023,26832.20898,4198.049805
5/19/2023,26890.12891,4191.97998
5/20/2023,27129.58594,
5/21/2023,26753.82617,
5/22/2023,26851.27734,4192.629883
5/23/2023,27225.72656,4145.580078
5/24/2023,26334.81836,4115.240234
5/25/2023,26476.20703,4151.279785
5/26/2023,26719.29102,4205.450195
5/27/2023,26868.35352,
5/28/2023,28085.64648,
5/29/2023,27745.88477,
5/30/2023,27702.34961,4205.52002
5/31/2023,27219.6582,4179.830078
6/1/2023,26819.97266,4221.02002
6/2/2023,27249.58984,4282.370117
6/3/2023,27075.12891,
6/4/2023,27119.06641,
6/5/2023,25760.09766,4273.790039
6/6/2023,27238.7832,4283.850098
6/7/2023,26345.99805,4267.52002
6/8/2023,26508.2168,4293.930176
6/9/2023,26480.375,4298.859863
6/10/2023,25851.24023,
6/11/2023,25940.16797,
6/12/2023,25902.5,4338.930176
6/13/2023,25918.72852,4369.009766
6/14/2023,25124.67578,4372.589844
6/15/2023,25576.39453,4425.839844
6/16/2023,26327.46289,4409.589844
6/17/2023,26510.67578,
6/18/2023,26336.21289,
6/19/2023,26851.0293,
6/20/2023,28327.48828,4388.709961
6/21/2023,30027.29688,4365.689941
6/22/2023,29912.28125,4381.890137
6/23/2023,30695.46875,4348.330078
6/24/2023,30548.69531,
6/25/2023,30480.26172,
6/26/2023,30271.13086,4328.819824
6/27/2023,30688.16406,4378.410156
6/28/2023,30086.24609,4376.859863
6/29/2023,30445.35156,4396.439941
6/30/2023,30477.25195,4450.379883
7/1/2023,30590.07813,
7/2/2023,30620.76953,
7/3/2023,31156.43945,4455.589844
7/4/2023,30777.58203,
7/5/2023,30514.16602,4446.819824
7/6/2023,29909.33789,4411.589844
7/7/2023,30342.26563,4398.950195
7/8/2023,30292.54102,
7/9/2023,30171.23438,
7/10/2023,30414.4707,4409.529785
7/11/2023,30620.95117,4439.259766
7/12/2023,30391.64648,4472.160156
7/13/2023,31476.04883,4510.040039
7/14/2023,30334.06836,4505.419922
7/15/2023,30295.80664,
7/16/2023,30249.13281,
7/17/2023,30145.88867,4522.790039
7/18/2023,29856.5625,4554.97998
7/19/2023,29913.92383,4565.720215
7/20/2023,29792.01563,4534.870117
7/21/2023,29908.74414,4536.339844
7/22/2023,29771.80273,
7/23/2023,30084.53906,
7/24/2023,29176.91602,4554.640137
7/25/2023,29227.39063,4567.459961
7/26/2023,29354.97266,4566.75
7/27/2023,29210.68945,4537.410156
7/28/2023,29319.24609,4582.22998
7/29/2023,29356.91797,
7/30/2023,29275.30859,
7/31/2023,29230.11133,4588.959961
8/1/2023,29675.73242,4576.72998
8/2/2023,29151.95898,4513.390137
8/3/2023,29178.67969,4501.890137
8/4/2023,29074.0918,4478.029785
8/5/2023,29042.12695,
8/6/2023,29041.85547,
8/7/2023,29180.57813,4518.439941
8/8/2023,29765.49219,4499.379883
8/9/2023,29561.49414,4467.709961
8/10/2023,29429.5918,4468.830078
8/11/2023,29397.71484,4464.049805
8/12/2023,29415.96484,
8/13/2023,29282.91406,
8/14/2023,29408.44336,4489.720215
8/15/2023,29170.34766,4437.859863
8/16/2023,28701.7793,4404.330078
8/17/2023,26664.55078,4370.359863
8/18/2023,26049.55664,4369.709961
8/19/2023,26096.20508,
8/20/2023,26189.58398,
8/21/2023,26124.14063,4399.77002
8/22/2023,26031.65625,4387.549805
8/23/2023,26431.64063,4436.009766
8/24/2023,26162.37305,4376.310059
8/25/2023,26047.66797,4405.709961
8/26/2023,26008.46289,
8/27/2023,26089.69336,
8/28/2023,26106.15039,4433.310059
8/29/2023,27727.39258,4497.629883
8/30/2023,27297.26563,4514.870117
8/31/2023,25931.47266,4507.660156
9/1/2023,25800.72461,4515.77002
9/2/2023,25868.79883,
9/3/2023,25969.56641,
9/4/2023,25812.41602,
9/5/2023,25779.98242,4496.830078
9/6/2023,25753.23633,4465.47998
9/7/2023,26240.19531,4451.140137
9/8/2023,25905.6543,4457.490234
9/9/2023,25895.67773,
9/10/2023,25832.22656,
9/11/2023,25162.6543,4487.459961
9/12/2023,25833.34375,4461.899902
9/13/2023,26228.32422,4467.439941
9/14/2023,26539.67383,4505.100098
9/15/2023,26608.69336,4450.319824
9/16/2023,26568.28125,
9/17/2023,26534.1875,
9/18/2023,26754.28125,4453.529785
9/19/2023,27211.11719,4443.950195
9/20/2023,27132.00781,4402.200195
9/21/2023,26567.63281,4330
9/22/2023,26579.56836,4320.060059
9/23/2023,26579.39063,
9/24/2023,26256.82617,
9/25/2023,26298.48047,4337.439941
9/26/2023,26217.25,4273.529785
9/27/2023,26352.7168,4274.509766
9/28/2023,27021.54688,4299.700195
9/29/2023,26911.7207,4288.049805
9/30/2023,26967.91602,
10/1/2023,27983.75,
10/2/2023,27530.78516,4288.390137
10/3/2023,27429.97852,4229.450195
10/4/2023,27799.39453,4263.75
10/5/2023,27415.91211,4258.189941
10/6/2023,27946.59766,4308.5
10/7/2023,27968.83984,
10/8/2023,27935.08984,
10/9/2023,27583.67773,4335.660156
10/10/2023,27391.01953,4358.240234
10/11/2023,26873.32031,4376.950195
10/12/2023,26756.79883,4349.609863
10/13/2023,26862.375,4327.779785
10/14/2023,26861.70703,
10/15/2023,27159.65234,
10/16/2023,28519.4668,4373.629883
10/17/2023,28415.74805,4373.200195
10/18/2023,28328.3418,4314.600098
10/19/2023,28719.80664,4278
10/20/2023,29682.94922,4224.160156
10/21/2023,29918.41211,
10/22/2023,29993.89648,
10/23/2023,33086.23438,4217.040039
10/24/2023,33901.52734,4247.680176
10/25/2023,34502.82031,4186.77002
10/26/2023,34156.64844,4137.22998
10/27/2023,33909.80078,4117.370117
10/28/2023,34089.57422,
10/29/2023,34538.48047,
10/30/2023,34502.36328,4166.819824
10/31/2023,34667.78125,4193.799805
11/1/2023,35437.25391,4237.859863
11/2/2023,34938.24219,4317.779785
11/3/2023,34732.32422,4358.339844
11/4/2023,35082.19531,
11/5/2023,35049.35547,
11/6/2023,35037.37109,4365.97998
11/7/2023,35443.5625,4378.379883
11/8/2023,35655.27734,4382.779785
11/9/2023,36693.125,4347.350098
11/10/2023,37313.96875,4415.240234
11/11/2023,37138.05078,
11/12/2023,37054.51953,
11/13/2023,36502.35547,4411.549805
11/14/2023,35537.64063,4495.700195
11/15/2023,37880.58203,4502.879883
11/16/2023,36154.76953,4508.240234
11/17/2023,36596.68359,4514.02002
11/18/2023,36585.70313,
11/19/2023,37386.54688,
11/20/2023,37476.95703,4547.379883
11/21/2023,35813.8125,4538.189941
11/22/2023,37432.33984,4556.620117
11/23/2023,37289.62109,
11/24/2023,37720.28125,4559.339844
11/25/2023,37796.79297,
11/26/2023,37479.12109,
11/27/2023,37254.16797,4550.430176
11/28/2023,37831.08594,4554.890137
11/29/2023,37858.49219,4550.580078
11/30/2023,37712.74609,4567.799805
12/1/2023,38688.75,4594.629883
12/2/2023,39476.33203,
12/3/2023,39978.39063,
12/4/2023,41980.09766,4569.779785
12/5/2023,44080.64844,4567.180176
12/6/2023,43746.44531,4549.339844
12/7/2023,43292.66406,4585.589844
12/8/2023,44166.60156,4604.370117
12/9/2023,43725.98438,
12/10/2023,43779.69922,
12/11/2023,41243.83203,4622.439941
12/12/2023,41450.22266,4643.700195
12/13/2023,42890.74219,4707.089844
12/14/2023,43023.97266,4719.549805
12/15/2023,41929.75781,4719.189941
12/16/2023,42240.11719,
12/17/2023,41364.66406,
12/18/2023,42623.53906,4740.560059
12/19/2023,42270.52734,4768.370117
12/20/2023,43652.25,4698.350098
12/21/2023,43869.15234,4746.75
12/22/2023,43997.90234,4754.629883
12/23/2023,43739.54297,
12/24/2023,43016.11719,
12/25/2023,43613.14063,
12/26/2023,42520.40234,4774.75
12/27/2023,43442.85547,4781.580078
12/28/2023,42627.85547,4783.350098
12/29/2023,42099.40234,4769.830078
12/30/2023,42156.90234,
12/31/2023,42265.1875,
1/1/2024,44167.33203,
1/2/2024,44957.96875,4742.830078
1/3/2024,42848.17578,4704.810059
1/4/2024,44179.92188,4688.680176
1/5/2024,44162.69141,4697.240234
1/6/2024,43989.19531,
1/7/2024,43943.09766,
1/8/2024,46970.50391,4763.540039
1/9/2024,46139.73047,4756.5
1/10/2024,46627.77734,4783.450195
1/11/2024,46368.58594,4780.240234
1/12/2024,42853.16797,4783.830078
1/13/2024,42842.38281,
1/14/2024,41796.26953,
1/15/2024,42511.96875,
1/16/2024,43154.94531,4765.97998
1/17/2024,42742.65234,4739.209961
1/18/2024,41262.05859,4780.939941
1/19/2024,41618.40625,4839.810059
1/20/2024,41665.58594,
1/21/2024,41545.78516,
1/22/2024,39507.36719,4850.430176
1/23/2024,39845.55078,4864.600098
1/24/2024,40077.07422,4868.549805
1/25/2024,39933.80859,4894.160156
1/26/2024,41816.87109,4890.970215
1/27/2024,42120.05469,
1/28/2024,42035.59375,
1/29/2024,43288.24609,4927.930176
1/30/2024,42952.60938,4924.970215
1/31/2024,42582.60547,4845.649902
2/1/2024,43075.77344,4906.189941
2/2/2024,43185.85938,4958.609863
2/3/2024,42992.25,
2/4/2024,42583.58203,
2/5/2024,42658.66797,4942.810059
2/6/2024,43084.67188,4954.22998
2/7/2024,44318.22266,4995.060059
2/8/2024,45301.56641,4997.910156
2/9/2024,47147.19922,5026.609863
2/10/2024,47771.27734,
2/11/2024,48293.91797,
2/12/2024,49958.22266,5021.839844
2/13/2024,49742.44141,4953.169922
2/14/2024,51826.69531,5000.620117
2/15/2024,51938.55469,5029.72998
2/16/2024,52160.20313,5005.569824
2/17/2024,51662.99609,
2/18/2024,52122.54688,
2/19/2024,51779.14453,
2/20/2024,52284.875,4975.509766
2/21/2024,51839.17969,4981.799805
2/22/2024,51304.97266,5087.029785
2/23/2024,50731.94922,5088.799805
2/24/2024,51571.10156,
2/25/2024,51733.23828,
2/26/2024,54522.40234,5069.529785
2/27/2024,57085.37109,5078.180176
2/28/2024,62504.78906,5069.759766
2/29/2024,61198.38281,5096.27002
3/1/2024,62440.63281,5137.080078
3/2/2024,62029.84766,
3/3/2024,63167.37109,
3/4/2024,68330.41406,5130.950195
3/5/2024,63801.19922,5078.649902
3/6/2024,66106.80469,5104.759766
3/7/2024,66925.48438,5157.359863
3/8/2024,68300.09375,5123.689941
3/9/2024,68498.88281,
3/10/2024,69019.78906,
3/11/2024,72123.90625,5117.939941
3/12/2024,71481.28906,5175.27002
3/13/2024,73083.5,5165.310059
3/14/2024,71396.59375,5150.47998
3/15/2024,69403.77344,5117.089844
3/16/2024,65315.11719,
3/17/2024,68390.625,
3/18/2024,67548.59375,5149.419922
3/19/2024,61912.77344,5178.509766
3/20/2024,67913.67188,5224.620117
3/21/2024,65491.39063,5241.529785
3/22/2024,63778.76172,5234.180176
3/23/2024,64062.20313,
3/24/2024,67234.17188,
3/25/2024,69958.8125,5218.189941
3/26/2024,69987.83594,5203.580078
3/27/2024,69455.34375,5248.490234
3/28/2024,70744.95313,5254.350098
3/29/2024,69892.82813,
3/30/2024,69645.30469,
3/31/2024,71333.64844,
4/1/2024,69702.14844,5243.77002
4/2/2024,65446.97266,5205.810059
4/3/2024,65980.8125,5211.490234
4/4/2024,68508.84375,5147.209961
4/5/2024,67837.64063,5204.339844
4/6/2024,68896.10938,
4/7/2024,69362.55469,
4/8/2024,71631.35938,5202.390137
4/9/2024,69139.01563,5209.910156
4/10/2024,70587.88281,5160.640137
4/11/2024,70060.60938,5199.060059
4/12/2024,67195.86719,5123.410156
4/13/2024,63821.47266,
4/14/2024,65738.72656,
4/15/2024,63426.21094,5061.819824
4/16/2024,63811.86328,5051.410156
4/17/2024,61276.69141,5022.209961
4/18/2024,63512.75391,5011.120117
4/19/2024,63843.57031,4967.22998
4/20/2024,64994.44141,
4/21/2024,64926.64453,
4/22/2024,66837.67969,5010.600098
4/23/2024,66407.27344,5070.549805
4/24/2024,64276.89844,5071.629883
4/25/2024,64481.70703,5048.419922
4/26/2024,63755.32031,5099.959961
4/27/2024,63419.14063,
4/28/2024,63113.23047,
4/29/2024,63841.12109,5116.169922
4/30/2024,60636.85547,5035.689941
5/1/2024,58254.01172,5018.390137
5/2/2024,59123.43359,5064.200195
5/3/2024,62889.83594,5127.790039
5/4/2024,63891.47266,
5/5/2024,64031.13281,
5/6/2024,63161.94922,5180.740234
5/7/2024,62334.81641,5187.700195
5/8/2024,61187.94141,5187.669922
5/9/2024,63049.96094,5214.080078
5/10/2024,60792.77734,5222.680176
5/11/2024,60793.71094,
5/12/2024,61448.39453,
5/13/2024,62901.44922,5221.419922
5/14/2024,61552.78906,5246.680176
5/15/2024,66267.49219,5308.149902
5/16/2024,65231.58203,5297.100098
5/17/2024,67051.875,5303.27002
5/18/2024,66940.80469,
5/19/2024,66278.36719,
5/20/2024,71448.19531,5308.129883
5/21/2024,70136.53125,5321.410156
5/22/2024,69122.33594,5307.009766
5/23/2024,67929.5625,5267.839844
5/24/2024,68526.10156,5304.720215
5/25/2024,69265.94531,
5/26/2024,68518.09375,
5/27/2024,69394.55469,
5/28/2024,68296.21875,5306.040039
5/29/2024,67578.09375,5266.950195
5/30/2024,68364.99219,5235.47998
5/31/2024,67491.41406,5277.509766
6/1/2024,67706.9375,
6/2/2024,67751.60156,
6/3/2024,68804.78125,5283.399902
6/4/2024,70567.76563,5291.339844
6/5/2024,71082.82031,5354.029785
6/6/2024,70757.16406,5352.959961
6/7/2024,69342.58594,5346.990234
6/8/2024,69305.77344,
6/9/2024,69647.99219,
6/10/2024,69512.28125,5360.790039
6/11/2024,67332.03125,5375.319824
6/12/2024,68241.1875,5421.029785
6/13/2024,66756.39844,5433.740234
6/14/2024,66011.09375,5431.600098
6/15/2024,66191,
6/16/2024,66639.04688,
6/17/2024,66490.29688,5473.22998
6/18/2024,65140.74609,5487.029785
6/19/2024,64960.29688,
6/20/2024,64828.65625,5473.169922
6/21/2024,64096.19922,5464.620117
6/22/2024,64252.57813,
6/23/2024,63180.79688,
6/24/2024,60277.41406,5447.870117
6/25/2024,61804.64063,5469.299805
6/26/2024,60811.27734,5477.899902
6/27/2024,61604.80078,5482.870117
6/28/2024,60320.13672,5460.47998
6/29/2024,60887.37891,
6/30/2024,62678.29297,
7/1/2024,62851.98047,5475.089844
7/2/2024,62029.01563,5509.009766
7/3/2024,60173.92188,5537.02002
7/4/2024,56977.70313,
7/5/2024,56662.375,5567.189941
7/6/2024,58303.53906,
7/7/2024,55849.10938,
7/8/2024,56705.09766,5572.850098
7/9/2024,58009.22656,5576.97998
7/10/2024,57742.49609,5633.910156
7/11/2024,57344.91406,5584.540039
7/12/2024,57899.46484,5615.350098
7/13/2024,59231.95313,
7/14/2024,60787.79297,
7/15/2024,64870.15234,5631.220215
7/16/2024,65097.14844,5667.200195
7/17/2024,64118.79297,5588.27002
7/18/2024,63974.06641,5544.589844
7/19/2024,66710.15625,5505
7/20/2024,67163.64844,
7/21/2024,68154.52344,
7/22/2024,67585.25,5564.410156
7/23/2024,65927.67188,5555.740234
7/24/2024,65372.13281,5427.129883
7/25/2024,65777.22656,5399.220215
7/26/2024,67912.0625,5459.100098
7/27/2024,67813.33594,
7/28/2024,68255.86719,
7/29/2024,66819.91406,5463.540039
7/30/2024,66201.01563,5436.439941
7/31/2024,64619.25,5522.299805
8/1/2024,65357.5,5446.680176
8/2/2024,61415.06641,5346.560059
8/3/2024,60680.09375,
8/4/2024,58116.97656,
8/5/2024,53991.45703,5186.330078
8/6/2024,56034.31641,5240.029785
8/7/2024,55027.46094,5199.5
8/8/2024,61710.13672,5319.310059
8/9/2024,60880.11328,5344.160156
8/10/2024,60945.8125,
8/11/2024,58719.48438,
8/12/2024,59354.51563,5344.390137
8/13/2024,60609.56641,5434.430176
8/14/2024,58737.26953,5455.209961
8/15/2024,57560.09766,5543.220215
8/16/2024,58894.10547,5554.25
8/17/2024,59478.97266,
8/18/2024,58483.96484,
8/19/2024,59493.45313,5608.25
8/20/2024,59012.79297,5597.120117
8/21/2024,61175.19141,5620.850098
8/22/2024,60381.91406,5570.640137
8/23/2024,64094.35547,5634.609863
8/24/2024,64178.99219,
8/25/2024,64333.54297,
8/26/2024,62880.66016,5616.839844
8/27/2024,59504.13281,5625.799805
8/28/2024,59027.625,5592.180176
8/29/2024,59388.17969,5591.959961
8/30/2024,59119.47656,5648.399902
8/31/2024,58969.89844,
9/1/2024,57325.48828,
9/2/2024,59112.48047,
9/3/2024,57431.02344,5528.930176
9/4/2024,57971.53906,5520.069824
9/5/2024,56160.48828,5503.410156
9/6/2024,53948.75391,5408.419922
9/7/2024,54139.6875,
9/8/2024,54841.56641,
9/9/2024,57019.53516,5471.049805
9/10/2024,57648.71094,5495.52002
9/11/2024,57343.17188,5554.129883
9/12/2024,58127.01172,5595.759766
9/13/2024,60571.30078,5626.02002
9/14/2024,60005.12109,
9/15/2024,59182.83594,
9/16/2024,58192.50781,5633.089844
9/17/2024,60308.53906,5634.580078
9/18/2024,61649.67969,5618.259766
9/19/2024,62940.45703,5713.640137
9/20/2024,63192.97656,5702.549805
9/21/2024,63394.83984,
9/22/2024,63648.71094,
9/23/2024,63329.80078,5718.569824
9/24/2024,64301.96875,5732.930176
9/25/2024,63143.14453,5722.259766
9/26/2024,65181.01953,5745.370117
9/27/2024,65790.66406,5738.169922
9/28/2024,65887.64844,
9/29/2024,65635.30469,
9/30/2024,63329.5,5762.47998
10/1/2024,60837.00781,5708.75
10/2/2024,60632.78516,5709.540039
10/3/2024,60759.40234,5699.939941
10/4/2024,62067.47656,5751.069824
10/5/2024,62089.94922,
10/6/2024,62818.95313,
10/7/2024,62236.66016,5695.939941
10/8/2024,62131.96875,5751.129883
10/9/2024,60582.10156,5792.040039
10/10/2024,60274.5,5780.049805
10/11/2024,62445.08984,5815.029785
10/12/2024,63193.02344,
10/13/2024,62851.375,
10/14/2024,66046.125,5859.850098
10/15/2024,67041.10938,5815.259766
10/16/2024,67612.71875,5842.470215
10/17/2024,67399.83594,5841.470215
10/18/2024,68418.78906,5864.669922
10/19/2024,68362.73438,
10/20/2024,69001.70313,
10/21/2024,67367.85156,5853.97998
10/22/2024,67361.40625,5851.200195
10/23/2024,66432.19531,5797.419922
10/24/2024,68161.05469,5809.859863
10/25/2024,66642.41406,5808.120117
10/26/2024,67014.69531,
10/27/2024,67929.29688,
10/28/2024,69907.75781,5823.52002
10/29/2024,72720.49219,5832.919922
10/30/2024,72339.53906,5813.669922
10/31/2024,70215.1875,5705.450195
11/1/2024,69482.46875,5728.799805
11/2/2024,69289.27344,
11/3/2024,68741.11719,
11/4/2024,67811.50781,5712.689941
11/5/2024,69359.5625,5782.759766
11/6/2024,75639.07813,5929.040039
11/7/2024,75904.85938,5973.100098
11/8/2024,76545.47656,5995.540039
11/9/2024,76778.86719,
11/10/2024,80474.1875,
11/11/2024,88701.48438,6001.350098
11/12/2024,87955.8125,5983.990234
11/13/2024,90584.16406,5985.379883
11/14/2024,87250.42969,5949.169922
11/15/2024,91066.00781,5870.620117
11/16/2024,90558.47656,
11/17/2024,89845.85156,
11/18/2024,90542.64063,5893.620117
11/19/2024,92343.78906,5916.97998
11/20/2024,94339.49219,5917.109863
11/21/2024,98504.72656,5948.709961
11/22/2024,98997.66406,5969.339844
11/23/2024,97777.28125,
11/24/2024,98013.82031,
11/25/2024,93102.29688,5987.370117
11/26/2024,91985.32031,6021.629883
11/27/2024,95962.53125,5998.740234
11/28/2024,95652.46875,
11/29/2024,97461.52344,6032.379883
11/30/2024,96449.05469,
12/1/2024,97279.78906,
12/2/2024,95865.30469,6047.149902
12/3/2024,96002.16406,6049.879883
12/4/2024,98768.53125,6086.490234
12/5/2024,96593.57031,6075.109863
12/6/2024,99920.71094,6090.27002
12/7/2024,99923.33594,
12/8/2024,101236.0156,
12/9/2024,97432.71875,6052.850098
12/10/2024,96675.42969,6034.910156
12/11/2024,101173.0313,6084.189941
12/12/2024,100043,6051.25
12/13/2024,101459.2578,6051.089844
12/14/2024,101372.9688,
12/15/2024,104298.6953,
12/16/2024,106029.7188,6074.080078
12/17/2024,106140.6016,6050.609863
12/18/2024,100041.5391,5872.160156
12/19/2024,97490.95313,5867.080078
12/20/2024,97755.92969,5930.850098
12/21/2024,97224.72656,
12/22/2024,95104.9375,
12/23/2024,94686.24219,5974.069824
12/24/2024,98676.09375,6040.040039
12/25/2024,99299.19531,
12/26/2024,95795.51563,6037.589844
12/27/2024,94164.85938,5970.839844
12/28/2024,95163.92969,
12/29/2024,93530.22656,
12/30/2024,92643.21094,5906.939941
12/31/2024,93429.20313,5881.629883
1/1/2025,94419.75781,
1/2/2025,96886.875,5868.549805
1/3/2025,98107.42969,5942.470215
1/4/2025,98236.22656,
1/5/2025,98314.96094,
1/6/2025,102078.0859,5975.379883
1/7/2025,96922.70313,5909.029785
1/8/2025,95043.52344,5918.25
1/9/2025,92484.03906,
1/10/2025,94701.45313,5827.040039
1/11/2025,94566.59375,
1/12/2025,94488.4375,
1/13/2025,94516.52344,5836.220215
1/14/2025,96534.04688,5842.910156
1/15/2025,100504.4922,5949.910156
1/16/2025,99756.90625,5937.339844
1/17/2025,104462.0391,5996.660156
1/18/2025,104408.0703,
1/19/2025,101089.6094,
1/20/2025,102016.6641,
1/21/2025,106146.2656,6049.240234
1/22/2025,103653.0703,6086.370117
1/23/2025,103960.1719,6118.709961
1/24/2025,104819.4844,6101.240234
1/25/2025,104714.6484,
1/26/2025,102682.5,
1/27/2025,102087.6875,6012.279785
1/28/2025,101332.4766,6067.700195
1/29/2025,103703.2109,6039.310059
1/30/2025,104735.3047,6071.169922
1/31/2025,102405.0234,6040.529785
2/1/2025,100655.9063,
2/2/2025,97688.97656,
2/3/2025,101405.4219,5994.569824
2/4/2025,97871.82031,6037.879883
2/5/2025,96615.44531,6061.47998
2/6/2025,96593.29688,6083.569824
2/7/2025,96529.08594,6025.990234
2/8/2025,96482.45313,
2/9/2025,96500.09375,
2/10/2025,97437.55469,6066.439941
2/11/2025,95747.42969,6068.5
2/12/2025,97885.85938,6051.970215
2/13/2025,96623.86719,6115.069824
2/14/2025,97508.96875,6114.629883
2/15/2025,97580.35156,
2/16/2025,96175.03125,
2/17/2025,95773.38281,
2/18/2025,95539.54688,6129.580078
2/19/2025,96635.60938,6144.149902
2/20/2025,98333.9375,6117.52002
2/21/2025,96125.54688,6013.129883
2/22/2025,96577.75781,
2/23/2025,96273.92188,
2/24/2025,91418.17188,5983.25
2/25/2025,88736.17188,5955.25
2/26/2025,84347.02344,5956.060059
2/27/2025,84704.22656,5861.569824
2/28/2025,84373.00781,5954.5
3/1/2025,86031.91406,
3/2/2025,94248.35156,
3/3/2025,86065.67188,5849.720215
3/4/2025,87222.19531,5778.149902
3/5/2025,90623.5625,5842.629883
3/6/2025,89961.72656,5738.52002
3/7/2025,86742.67188,5770.200195
3/8/2025,86154.59375,
3/9/2025,80601.03906,
3/10/2025,78532,5614.560059
3/11/2025,82862.21094,5572.069824
3/12/2025,83722.35938,5599.299805
3/13/2025,81066.70313,5521.52002
3/14/2025,83969.10156,5638.939941
3/15/2025,84343.10938,
3/16/2025,82579.6875,
3/17/2025,84075.6875,5675.120117
3/18/2025,82718.5,5614.660156
3/19/2025,86854.22656,5675.290039
3/20/2025,84167.19531,5662.890137
3/21/2025,84043.24219,5667.560059
3/22/2025,83832.48438,
3/23/2025,86054.375,
3/24/2025,87498.91406,5767.569824
3/25/2025,87471.70313,5776.649902
3/26/2025,86900.88281,5712.200195
3/27/2025,87177.10156,5693.310059
3/28/2025,84353.14844,5580.939941
3/29/2025,82597.58594,
3/30/2025,82334.52344,
3/31/2025,82548.91406,5611.850098
4/1/2025,85169.17188,5633.069824
4/2/2025,82485.71094,5670.970215
4/3/2025,83102.82813,5396.52002
4/4/2025,83843.80469,5074.080078
4/5/2025,83504.79688,
4/6/2025,78214.48438,
4/7/2025,79235.33594,5062.25
4/8/2025,76271.95313,4982.77002
4/9/2025,82573.95313,5456.899902
4/10/2025,79626.14063,5268.049805
4/11/2025,83404.83594,5363.359863
4/12/2025,85287.10938,
4/13/2025,83684.97656,
4/14/2025,84542.39063,5405.970215
4/15/2025,83668.99219,5396.629883
4/16/2025,84033.86719,5275.700195
4/17/2025,84895.75,5282.700195
4/18/2025,84450.80469,
4/19/2025,85063.41406,
4/20/2025,85174.30469,
4/21/2025,87518.90625,5158.200195
4/22/2025,93441.89063,5287.759766
4/23/2025,93699.10938,5375.859863
4/24/2025,93943.79688,5484.77002
4/25/2025,94720.5,5525.209961
4/26/2025,94646.92969,
4/27/2025,93754.84375,
4/28/2025,94978.75,5528.75
4/29/2025,94284.78906,5560.830078
4/30/2025,94207.3125,5569.060059
5/1/2025,96492.33594,5604.140137
5/2/2025,96910.07031,5686.669922
5/3/2025,95891.79688,
5/4/2025,94315.97656,
5/5/2025,94748.05469,5650.379883
5/6/2025,96802.47656,5606.910156
5/7/2025,97032.32031,5631.279785
5/8/2025,103241.4609,5663.939941
5/9/2025,102970.8516,5659.910156
5/10/2025,104696.3281,
5/11/2025,104106.3594,
5/12/2025,102812.9531,5844.189941
5/13/2025,104169.8125,5886.549805
5/14/2025,103539.4141,5892.580078
5/15/2025,103744.6406,5916.930176
5/16/2025,103489.2891,5958.379883
5/17/2025,103191.0859,
5/18/2025,106446.0078,
5/19/2025,105606.1797,5963.600098
5/20/2025,106791.0859,5940.459961
5/21/2025,109678.0781,5844.609863
5/22/2025,111673.2813,5842.009766
5/23/2025,107287.7969,5802.819824
5/24/2025,107791.1563,
5/25/2025,109035.3906,
5/26/2025,109440.3672,
5/27/2025,108994.6406,5921.540039
5/28/2025,107802.3281,5888.549805
5/29/2025,105641.7578,5912.169922
5/30/2025,103998.5703,5911.689941
5/31/2025,104638.0938,
6/1/2025,105652.1016,
6/2/2025,105881.5313,5935.939941
6/3/2025,105432.4688,5970.370117
6/4/2025,104731.9844,5970.810059
6/5/2025,101575.9531,5939.299805
6/6/2025,104390.3438,6000.359863
6/7/2025,105615.625,
6/8/2025,105793.6484,
6/9/2025,110294.1016,6005.879883
6/10/2025,110257.2344,6038.810059
6/11/2025,108686.625,6022.240234
6/12/2025,105929.0547,6045.259766
6/13/2025,106090.9688,5976.970215
6/14/2025,105472.4063,
6/15/2025,105552.0234,
6/16/2025,106796.7578,6033.109863
6/17/2025,104601.1172,5982.720215
6/18/2025,104883.3281,5980.870117
6/19/2025,104684.2891,
6/20/2025,103309.6016,5967.839844
6/21/2025,102257.4063,
6/22/2025,100987.1406,
6/23/2025,105577.7734,6025.169922
6/24/2025,106045.6328,6092.180176
6/25/2025,107361.2578,6092.160156
6/26/2025,106960,6141.02002
6/27/2025,107088.4297,6173.069824
6/28/2025,107327.7031,
6/29/2025,108385.5703,
6/30/2025,107135.3359,6204.950195
7/1/2025,105698.2813,6198.009766
7/2/2025,108859.3203,6227.419922
7/3/2025,109647.9766,6279.350098
7/4/2025,108034.3359,
7/5/2025,108231.1797,
7/6/2025,109232.0703,
7/7/2025,108299.8516,6229.97998
7/8/2025,108950.2734,6225.52002
7/9/2025,111326.5547,6263.259766
7/10/2025,115987.2031,6280.459961
7/11/2025,117516.9922,6259.75
7/12/2025,117435.2266,
7/13/2025,119116.1172,
7/14/2025,119849.7031,6268.560059
7/15/2025,117777.1875,6243.759766
7/16/2025,118738.5078,6263.700195
7/17/2025,119289.8438,6297.359863
7/18/2025,118003.2266,6296.790039
7/19/2025,117939.9766,
7/20/2025,117300.7891,
7/21/2025,117439.5391,6305.600098
7/22/2025,119995.4141,6309.620117
7/23/2025,118754.9609,6358.910156
7/24/2025,118368,6363.350098
7/25/2025,117635.8828,6388.640137
7/26/2025,117947.3672,
7/27/2025,119448.4922,
7/28/2025,117924.4766,6389.77002
7/29/2025,117922.1484,6370.859863
7/30/2025,117831.1875,6362.899902
7/31/2025,115758.2031,6339.390137
8/1/2025,113320.0859,6238.009766
8/2/2025,112526.9141,
8/3/2025,114217.6719,
8/4/2025,115071.8828,6329.939941
8/5/2025,114141.4453,6299.189941
8/6/2025,115028,6345.060059
8/7/2025,117496.8984,6340
8/8/2025,116688.7266,6389.450195
8/9/2025,116500.3594,
8/10/2025,119306.7578,
8/11/2025,118731.4453,6373.450195
8/12/2025,120172.9063,6445.759766
8/13/2025,123344.0625,6466.580078
8/14/2025,118359.5781,6468.540039
8/15/2025,117398.3516,6449.799805
8/16/2025,117491.3516,
8/17/2025,117453.0625,
8/18/2025,116252.3125,6449.149902
8/19/2025,112831.1797,6411.370117
8/20/2025,114274.7422,6395.779785
8/21/2025,112419.0313,6370.169922
8/22/2025,116874.0859,6466.910156
8/23/2025,115374.3281,
8/24/2025,113458.4297,
8/25/2025,110124.3516,6439.319824
8/26/2025,111802.6563,6465.939941
8/27/2025,111222.0625,6481.399902
8/28/2025,112544.8047,6501.859863
8/29/2025,108410.8359,6460.259766
8/30/2025,108808.0703,
8/31/2025,108236.7109,
9/1/2025,109250.5938,
9/2/2025,111200.5859,6415.540039
9/3/2025,111723.2109,6448.259766
9/4/2025,110723.6016,6502.080078
9/5/2025,110650.9844,6481.5
9/6/2025,110224.6953,
9/7/2025,111167.6172,
9/8/2025,112071.4297,6495.149902
9/9/2025,111530.5469,6512.609863
9/10/2025,113955.3594,6532.040039
9/11/2025,115507.5391,6587.470215
9/12/2025,116101.5781,6584.290039
9/13/2025,115950.5078,
9/14/2025,115407.6563,
9/15/2025,115444.875,6615.279785
9/16/2025,116843.1875,6606.759766
9/17/2025,116468.5078,6600.350098
9/18/2025,117137.2031,6631.959961
9/19/2025,115688.8594,6664.359863
9/20/2025,115721.9609,
9/21/2025,115306.0938,
9/22/2025,112748.5078,6693.75
9/23/2025,112014.5,6656.919922
9/24/2025,113328.6328,6637.970215
9/25/2025,109049.2891,6604.720215
9/26/2025,109712.8281,6643.700195
9/27/2025,109681.9453,
9/28/2025,112122.6406,
9/29/2025,114400.3828,6661.209961
9/30/2025,114056.0859,6688.459961
10/1/2025,118648.9297,6711.200195
10/2/2025,120681.2578,6715.350098
10/3/2025,122266.5313,6715.790039
10/4/2025,122425.4297,
10/5/2025,123513.4766,
10/6/2025,124752.5313,6740.279785
10/7/2025,121451.3828,6714.589844
10/8/2025,123354.8672,6753.720215
10/9/2025,121705.5859,6735.109863
10/10/2025,113214.3672,6552.509766
10/11/2025,110807.8828,
10/12/2025,115169.7656,
10/13/2025,115271.0781,6654.720215
10/14/2025,113118.6641,6644.310059
10/15/2025,110783.1641,6671.060059
10/16/2025,108186.0391,6629.069824
10/17/2025,106467.7891,6664.009766
10/18/2025,107198.2656,
10/19/2025,108666.7109,
10/20/2025,110588.9297,6735.129883
10/21/2025,108476.8906,6735.350098
10/22/2025,107688.5859,6699.399902
10/23/2025,110069.7266,6738.439941
10/24/2025,111033.9219,6791.689941
10/25/2025,111641.7266,
10/26/2025,114472.4453,
10/27/2025,114119.3281,6875.160156
10/28/2025,112956.1641,6890.890137
10/29/2025,110055.3047,6890.589844
10/30/2025,108305.5469,6822.339844
10/31/2025,109556.1641,6840.200195
11/1/2025,110064.0156,
11/2/2025,110639.625,
11/3/2025,106547.5234,6851.970215
11/4/2025,101590.5234,6771.549805
11/5/2025,103891.8359,6796.290039
11/6/2025,101301.2891,6720.319824
11/7/2025,103372.4063,6728.799805
11/8/2025,102282.1172,
11/9/2025,104719.6406,
